package	upstream_url
a52dec	https://git.adelielinux.org/community/a52dec/
abseil-cpp	https://github.com/abseil/abseil-cpp
accessibility-inspector	https://github.com/KDE/accessibility-inspector
accountsservice	https://gitlab.freedesktop.org/accountsservice/accountsservice
acl	https://download.savannah.nongnu.org/releases/acl
acpi	https://sourceforge.net/projects/acpiclient/files/acpiclient
adwaita-fonts-ttf	https://download.gnome.org/sources/adwaita-fonts/
adwaita-icon-theme-legacy	https://gitlab.gnome.org/jimmac/adwaita-icon-theme-legacy
aha	https://github.com/theZiz/aha
akonadi	https://github.com/KDE/akonadi
akonadi-calendar	https://github.com/KDE/akonadi-calendar
akonadi-calendar-tools	https://github.com/KDE/akonadi-calendar-tools
akonadi-contacts	https://github.com/KDE/akonadi-contacts
akonadi-import-wizard	https://github.com/KDE/akonadi-import-wizard
akonadi-mime	https://github.com/KDE/akonadi-mime
akonadi-search	https://github.com/KDE/akonadi-search
akonadiconsole	https://github.com/KDE/akonadiconsole
akregator	https://github.com/KDE/akregator
alkimia	https://github.com/KDE/alkimia
alligator	https://github.com/KDE/alligator
alpine	https://alpineapp.email/alpine/info/maildir.html
alsa-lib	ftp://ftp.alsa-project.org/pub
alsa-utils	ftp://ftp.alsa-project.org/pub
amarok	https://github.com/KDE/amarok
AMF-headers	https://github.com/GPUOpen-LibrariesAndSDKs/AMF
analitza	https://github.com/KDE/analitza
anthy-unicode	https://github.com/fujiwarat/anthy-unicode
appstream	https://github.com/ximion/appstream
apr	http://www.apache.org/dist/apr
apr-util	http://www.apache.org/dist/apr
arianna	https://github.com/KDE/arianna
ark	https://github.com/KDE/ark
artikulate	https://github.com/KDE/artikulate
at	http://software.calhariz.com/at/
attica	https://github.com/KDE/attica
attica5	https://github.com/KDE/attica
attr	https://download.savannah.nongnu.org/releases/attr
audex	https://github.com/KDE/audex
audiocd-kio	https://github.com/KDE/audiocd-kio
aurorae	https://github.com/KDE/aurorae
autofs	http://www.kernel.org:/pub/linux/daemons/autofs
avahi	https://github.com/avahi/avahi
babl	https://download.gimp.org/pub/babl/
baloo	https://github.com/KDE/baloo
baloo-widgets	https://github.com/KDE/baloo-widgets
bcachefs-tools	https://evilpiepirate.org/bcachefs-tools/
bind	ftp://ftp.isc.org/isc/bind9/
blackbox	https://github.com/bbidulock/blackboxwm
blinken	https://github.com/KDE/blinken
bluedevil	https://github.com/KDE/bluedevil
bluez	http://www.kernel.org/pub/linux/bluetooth
bluez-qt	https://github.com/KDE/bluez-qt
bomber	https://github.com/KDE/bomber
bovo	https://github.com/KDE/bovo
breeze	https://github.com/KDE/breeze
breeze-grub	https://github.com/KDE/breeze-grub
breeze-gtk	https://github.com/KDE/breeze-gtk
breeze-icons	https://github.com/KDE/breeze-icons
bridge-utils	https://git.kernel.org/pub/scm/network/bridge/bridge-utils.git
brotli	https://github.com/google/brotli/
bstring	https://github.com/msteinert/bstring
btrfs-progs	https://www.kernel.org/pub/linux/kernel/people/kdave/btrfs-progs/
bzip2	ftp://sourceware.org/pub/bzip2/
cairo	https://cairographics.org/releases
calendarsupport	https://github.com/KDE/calendarsupport
calligra	https://github.com/KDE/calligra
calligraplan	https://github.com/KDE/calligraplan
cantor	https://github.com/KDE/cantor
cargo-c	https://github.com/lu-zero/cargo-c
ccache	https://github.com/doctest/doctest
ccid	https://ccid.apdu.fr/files
cdrdao	https://github.com/cdrdao/cdrdao/
cfitsio	https://heasarc.gsfc.nasa.gov/docs/software/fitsio/
check	https://github.com/libcheck/check
cifs-utils	https://www.samba.org/ftp/linux-cifs/cifs-utils
cmake	https://github.com/Kitware/CMake
cmark	https://github.com/commonmark/cmark
cmark-gfm	https://github.com/github/cmark-gfm
colord	https://www.freedesktop.org/software/colord/releases/
colord-kde	https://github.com/KDE/colord-kde
conntrack-tools	https://netfilter.org/projects/conntrack-tools/files
corrosion	https://github.com/corrosion-rs/corrosion
cracklib	https://github.com/cracklib/cracklib
cryfs	https://github.com/cryfs/cryfs
cryptopp	https://www.cryptopp.com/
cryptsetup	https://www.kernel.org/pub/linux/utils/cryptsetup
crystal-dock	https://github.com/dangvd/crystal-dock
cups	https://github.com/openprinting/cups
cups-browsed	https://github.com/OpenPrinting/cups-browsed
cups-filters	https://github.com/OpenPrinting/cups-filters
curl	https://curl.haxx.se/download
cvs	https://ftp.gnu.org/non-gnu/cvs
cxxopts	https://github.com/jarro2783/cxxopts
cyrus-sasl	https://github.com/cyrusimap/cyrus-sasl
Cython	http://pypi.python.org/pypi/Cython/
dav1d	http://downloads.videolan.org/pub/videolan/dav1d
dbus	http://dbus.freedesktop.org/releases/dbus/
dbus-glib	https://dbus.freedesktop.org/releases/dbus-glib
dbus-python	http://dbus.freedesktop.org/releases/dbus-python/
dconf	http://live.gnome.org/dconf
ddcutil	https://github.com/rockowitz/ddcutil
dehydrated	https://github.com/dehydrated-io/dehydrated
desktop-file-utils	http://www.freedesktop.org/software/desktop-file-utils/releases/
dhcp	ftp://ftp.isc.org:/isc/dhcp
dhcpcd	https://github.com/NetworkConfiguration/dhcpcd
dialog	https://invisible-island.net/archives/dialog/
diffstat	https://invisible-island.net/archives/diffstat/
digikam	https://github.com/KDE/digiKam
distcc	https://github.com/distcc/distcc
dkms	https://github.com/dell/dkms
dmidecode	http://download.savannah.gnu.org/releases/dmidecode/
dolphin	https://github.com/KDE/dolphin
dolphin-plugins	https://github.com/KDE/dolphin-plugins
dosfstools	https://github.com/dosfstools/dosfstools
dotconf	https://github.com/williamh/dotconf/
dovecot	https://dovecot.org/releases/
doxygen	http://www.doxygen.org/download.html
dracut	https://github.com/dracut-ng/dracut-ng
dragon	https://github.com/KDE/dragon
duktape	https://duktape.org
dvd+rw-tools	http://fy.chalmers.se/~appro/linux/DVD+RW/tools/
dvdauthor	https://github.com/ldo/dvdauthor
ebtables	ftp://ftp.netfilter.org/pub/ebtables
editorconfig-core-c	https://github.com/editorconfig/editorconfig-core-c
egl-wayland	https://github.com/NVIDIA/egl-wayland
eglexternalplatform	https://github.com/NVIDIA/eglexternalplatform
eigen	https://gitlab.com/libeigen/eigen
elementary-xfce	http://optipng.sourceforge.net/
elisa	https://github.com/KDE/elisa
elogind	https://github.com/elogind/elogind
emacspeak	https://github.com/tvraman/emacspeak
enchant	https://github.com/rrthomas/enchant
epic5	http://ftp.epicsol.org/pub/epic/
espeak-ng	https://github.com/espeak-ng/espeak-ng
ethtool	https://www.kernel.org/pub/software/network/ethtool/
eventviews	https://github.com/KDE/eventviews
exfatprogs	https://github.com/exfatprogs/exfatprogs
exiv2	https://github.com/Exiv2/exiv2
exo	http://archive.xfce.org/src/xfce/exo
expat	https://github.com/libexpat/libexpat
extra-cmake-modules	https://github.com/KDE/extra-cmake-modules
falkon	https://github.com/KDE/falkon
farstream	http://freedesktop.org/software/farstream/releases/farstream
fast_float	https://github.com/fastfloat/fast_float
fcitx5	https://download.fcitx-im.org/fcitx5/fcitx5/
fcitx5-anthy	https://download.fcitx-im.org/fcitx5/fcitx5-anthy/
fcitx5-chinese-addons	https://download.fcitx-im.org/fcitx5/fcitx5-chinese-addons/
fcitx5-configtool	https://download.fcitx-im.org/fcitx5/fcitx5-configtool/
fcitx5-gtk	https://download.fcitx-im.org/fcitx5/fcitx5-gtk/
fcitx5-hangul	https://download.fcitx-im.org/fcitx5/fcitx5-hangul/
fcitx5-kkc	https://download.fcitx-im.org/fcitx5/fcitx5-kkc/
fcitx5-m17n	https://download.fcitx-im.org/fcitx5/fcitx5-m17n/
fcitx5-qt	https://download.fcitx-im.org/fcitx5/fcitx5-qt/
fcitx5-sayura	https://download.fcitx-im.org/fcitx5/fcitx5-sayura/
fcitx5-table-extra	https://download.fcitx-im.org/fcitx5/fcitx5-table-extra/
fcitx5-table-other	https://download.fcitx-im.org/fcitx5/fcitx5-table-other/
fcitx5-theme-breeze	https://github.com/scratch-er/fcitx5-breeze
fcitx5-unikey	https://download.fcitx-im.org/fcitx5/fcitx5-unikey/
fetchmail	https://sourceforge.net/projects/fetchmail
ffmpegthumbnailer	https://github.com/dirkvdb/ffmpegthumbnailer
ffmpegthumbs	https://github.com/KDE/ffmpegthumbs
filelight	https://github.com/KDE/filelight
flac	http://downloads.xiph.org/releases/flac/
fluidsynth	https://www.github.com/FluidSynth/fluidsynth
fmt	https://github.com/fmtlib/fmt
font-adobe-source-code-pro-otf	https://github.com/adobe-fonts/source-code-pro
fontconfig	https://gitlab.freedesktop.org/fontconfig/fontconfig
fprintd	https://gitlab.freedesktop.org/libfprint/fprintd
frameworkintegration	https://github.com/KDE/frameworkintegration
frameworkintegration5	https://github.com/KDE/frameworkintegration
francis	https://github.com/KDE/francis
freecell-solver	https://fc-solve.shlomifish.org/download.html
freeglut	https://github.com/freeglut/freeglut
freerdp	https://pub.freerdp.com/releases/
freetype	https://sourceforge.net/projects/freetype/files/
frei0r-plugins	https://github.com/dyne/frei0r
fribidi	https://github.com/fribidi/fribidi
fuse3	https://github.com/libfuse/libfuse
futuresql	https://invent.kde.org/libraries/futuresql.git
garcon	http://archive.xfce.org/src/xfce/garcon
gc	https://github.com/ivmai/bdwgc/
gcompris-qt	https://github.com/gcompris/GCompris-qt
gd	https://github.com/libgd/libgd
geeqie	https://github.com/BestImageViewer/geeqie
gegl	https://download.gimp.org/pub/gegl/
getmail	https://github.com/getmail6/getmail6
gexiv2	https://gitlab.gnome.org/GNOME/gexiv2
gftp	https://github.com/masneyb/gftp
ghostscript	https://github.com/ArtifexSoftware/ghostpdl-downloads
ghostwriter	https://github.com/KDE/ghostwriter
gi-docgen	https://download.gnome.org/sources/gi-docgen/
giflib	https://sourceforge.net/projects/giflib/
git	https://www.kernel.org/pub/software/scm/git/
gjs	https://ftp.gnome.org/pub/GNOME/sources/gjs
gkrellm	http://gkrellm.srcbox.net/releases
glade	https://ftp.gnome.org/pub/GNOME/sources/glade
glew	http://glew.sourceforge.net
glibc	https://github.com/besser82/libxcrypt
glu	ftp://ftp.freedesktop.org/pub/mesa/glu/
gmime	https://github.com/jstedfast/gmime
gmm	http://getfem.org/gmm/index.html
gnu-efi	https://github.com/ncroxon/gnu-efi
gnuchess	https://github.com/fbergo/eboard
gnupg2	https://gnupg.org/ftp/gcrypt/gnupg
gnuplot	http://www.gnuplot.info
googletest	https://github.com/google/googletest
gpa	https://gnupg.org/ftp/gcrypt/gpa
gpgme	https://gnupg.org/ftp/gcrypt/gpgme
gpgmepp	https://www.gnupg.org/ftp/gcrypt/gpgmepp
granatier	https://github.com/KDE/granatier
grantlee	https://github.com/steveire/grantlee
grantlee-editor	https://github.com/KDE/grantlee-editor
grantleetheme	https://github.com/KDE/grantleetheme
graphene	https://github.com/ebassi/graphene
graphite2	http://graphite.sil.org/
graphviz	https://gitlab.com/graphviz/graphviz
Greybird	https://github.com/shimmerproject/Greybird
gspell	https://gitlab.gnome.org/GNOME/gspell
gst-plugins-bad-free	https://gstreamer.freedesktop.org/src/
gst-plugins-base	https://gstreamer.freedesktop.org/src/
gst-plugins-good	https://gstreamer.freedesktop.org/src/
gst-plugins-libav	https://gstreamer.freedesktop.org/src/
gstreamer	https://gstreamer.freedesktop.org/src/
gtk+2	https://gitlab.gnome.org/GNOME/gtk
gtk-layer-shell	https://github.com/wmww/gtk-layer-shell
gtk4	https://gitlab.gnome.org/GNOME/gtk
gucharmap	https://gitlab.gnome.org/GNOME/gucharmap
gwenview	https://github.com/KDE/gwenview
hack-fonts-ttf	https://github.com/source-foundry/Hack
harfbuzz	https://github.com/harfbuzz/harfbuzz
haruna	https://github.com/KDE/haruna
haveged	https://github.com/jirka-h/haveged
hexchat	https://github.com/hexchat/hexchat
hostname	http://deb.debian.org/debian/pool/main/h/hostname
hplip	https://sourceforge.net/projects/hplip/files/hplip/
htop	https://github.com/htop-dev/htop
httpd	http://www.apache.org/dist/httpd
hunspell	https://github.com/hunspell/hunspell
hyphen	https://github.com/hunspell/hyphen
ibus	https://github.com/ibus/ibus
ibus-libpinyin	https://github.com/libpinyin/ibus-libpinyin
icu4c	https://github.com/unicode-org/icu
imagemagick	https://github.com/ImageMagick/ImageMagick
Imath	https://github.com/AcademySoftwareFoundation/Imath
immer	https://github.com/arximboldi/immer
incidenceeditor	https://github.com/KDE/incidenceeditor
inih	https://github.com/benhoyt/inih
iniparser	https://github.com/ndevilla/iniparser
inotify-tools	http://github.com/rvoicilas/inotify-tools/
intel-gmmlib	https://github.com/intel/gmmlib
intel-media-driver	https://github.com/intel/media-driver
intel-microcode	https://github.com/intel/Intel-Linux-Processor-Microcode-Data-Files
intel-vaapi-driver	https://github.com/irql-notlessorequal/intel-vaapi-driver
inxi	https://codeberg.org/smxi/inxi
iproute2	https://www.kernel.org/pub/linux/utils/net/iproute2/
iptables	https://netfilter.org/projects/iptables/files
iptraf-ng	https://github.com/iptraf-ng/iptraf-ng
iputils	https://github.com/iputils/iputils
isl	https://libisl.sourceforge.io
iso-codes	https://salsa.debian.org/iso-codes-team/iso-codes
isoimagewriter	https://github.com/KDE/isoimagewriter
ispell	https://www.cs.hmc.edu/~geoff/ispell.html
itinerary	https://github.com/KDE/itinerary
iucode_tool	https://gitlab.com/iucode-tool/iucode-tool
iw	https://www.kernel.org/pub/software/network/iw
jansson	https://github.com/akheron/jansson
jasper	https://github.com/jasper-software/jasper
jemalloc	https://github.com/jemalloc/jemalloc
jove	https://github.com/jonmacs/jove
jq	https://github.com/jqlang/jq
json-c	https://github.com/json-c/json-c
juk	https://github.com/KDE/juk
k3b	https://github.com/KDE/k3b
kactivities-stats5	https://github.com/KDE/kactivities-stats
kactivities5	https://github.com/KDE/kactivities
kactivitymanagerd	https://github.com/KDE/kactivitymanagerd
kaddressbook	https://github.com/KDE/kaddressbook
kalarm	https://github.com/KDE/kalarm
kalgebra	https://github.com/KDE/kalgebra
kalk	https://github.com/KDE/kalk
kalm	https://github.com/KDE/kalm
kalzium	https://github.com/KDE/kalzium
kamera	https://github.com/KDE/kamera
kamoso	https://github.com/KDE/kamoso
kanagram	https://github.com/KDE/kanagram
kapidox	https://github.com/KDE/kapidox
kapman	https://github.com/KDE/kapman
kapptemplate	https://github.com/KDE/kapptemplate
karchive	https://github.com/KDE/karchive
karchive5	https://github.com/KDE/karchive
kasts	https://github.com/KDE/kasts
kate	https://github.com/KDE/kate
katomic	https://github.com/KDE/katomic
kauth	https://github.com/KDE/kauth
kauth5	https://github.com/KDE/kauth
kbackup	https://github.com/KDE/kbackup
kbd	https://www.kernel.org/pub/linux/utils/kbd/
kblackbox	https://github.com/KDE/kblackbox
kblocks	https://github.com/KDE/kblocks
kbookmarks	https://github.com/KDE/kbookmarks
kbookmarks5	https://github.com/KDE/kbookmarks
kbounce	https://github.com/KDE/kbounce
kbreakout	https://github.com/KDE/kbreakout
kbruch	https://github.com/KDE/kbruch
kcachegrind	https://github.com/KDE/kcachegrind
kcalc	https://github.com/KDE/kcalc
kcalendarcore	https://github.com/KDE/kcalendarcore
kcalendarcore5	https://github.com/KDE/kcalendarcore
kcalutils	https://github.com/KDE/kcalutils
kcharselect	https://github.com/KDE/kcharselect
kcmutils	https://github.com/KDE/kcmutils
kcmutils5	https://github.com/KDE/kcmutils
kcodecs	https://github.com/KDE/kcodecs
kcodecs5	https://github.com/KDE/kcodecs
kcolorchooser	https://github.com/KDE/kcolorchooser
kColorPicker	https://github.com/ksnip/kColorPicker
kcolorscheme	https://github.com/KDE/kcolorscheme
kcompletion	https://github.com/KDE/kcompletion
kcompletion5	https://github.com/KDE/kcompletion
kconfig	https://github.com/KDE/kconfig
kconfig5	https://github.com/KDE/kconfig
kconfigwidgets	https://github.com/KDE/kconfigwidgets
kconfigwidgets5	https://github.com/KDE/kconfigwidgets
kcontacts	https://github.com/KDE/kcontacts
kcontacts5	https://github.com/KDE/kcontacts
kcoreaddons	https://github.com/KDE/kcoreaddons
kcoreaddons5	https://github.com/KDE/kcoreaddons
kcrash	https://github.com/KDE/kcrash
kcrash5	https://github.com/KDE/kcrash
kcron	https://github.com/KDE/kcron
kdav	https://github.com/KDE/kdav
kdav5	https://github.com/KDE/kdav
kdbusaddons	https://github.com/KDE/kdbusaddons
kdbusaddons5	https://github.com/KDE/kdbusaddons
kde-cli-tools	https://github.com/KDE/kde-cli-tools
kde-dev-scripts	https://github.com/KDE/kde-dev-scripts
kde-dev-utils	https://github.com/KDE/kde-dev-utils
kde-gtk-config	https://github.com/KDE/kde-gtk-config
kde-inotify-survey	https://github.com/KDE/kde-inotify-survey
kdebugsettings	https://github.com/KDE/kdebugsettings
kdeclarative	https://github.com/KDE/kdeclarative
kdeclarative5	https://github.com/KDE/kdeclarative
kdeconnect-kde	https://github.com/KDE/kdeconnect-kde
kdecoration	https://github.com/KDE/kdecoration
kded	https://github.com/KDE/kded
kded5	https://github.com/KDE/kded
kdeedu-data	https://github.com/KDE/kdeedu-data
kdegraphics-mobipocket	https://github.com/KDE/kdegraphics-mobipocket
kdegraphics-thumbnailers	https://github.com/KDE/kdegraphics-thumbnailers
kdenetwork-filesharing	https://github.com/KDE/kdenetwork-filesharing
kdenlive	https://github.com/KDE/kdenlive
kdepim-addons	https://github.com/KDE/kdepim-addons
kdepim-runtime	https://github.com/KDE/kdepim-runtime
kdeplasma-addons	https://github.com/KDE/kdeplasma-addons
kdesdk-kio	https://github.com/KDE/kdesdk-kio
kdesdk-thumbnailers	https://github.com/KDE/kdesdk-thumbnailers
kdesu	https://github.com/KDE/kdesu
kdesu5	https://github.com/KDE/kdesu
kdev-php	https://github.com/KDE/kdev-php
kdev-python	https://github.com/KDE/kdev-python
kdevelop	https://github.com/KDE/kdevelop
kdevelop-pg-qt	https://github.com/KDE/kdevelop-pg-qt
kdf	https://github.com/KDE/kdf
kdiagram	https://github.com/KDE/kdiagram
kdiagram5	https://github.com/KDE/kdiagram
kdialog	https://github.com/KDE/kdialog
kdiamond	https://github.com/KDE/kdiamond
kdnssd	https://github.com/KDE/kdnssd
kdnssd5	https://github.com/KDE/kdnssd
kdoctools	https://github.com/KDE/kdoctools
kdoctools5	https://github.com/KDE/kdoctools
kdsingleapplication	https://github.com/KDAB/KDSingleApplication
kdsoap	https://github.com/KDAB/KDSoap
kdsoap-ws-discovery-client	https://github.com/KDE/kdsoap-ws-discovery-client
keditbookmarks	https://github.com/KDE/keditbookmarks
kemoticons5	https://github.com/KDE/kemoticons
keybinder3	https://github.com/engla/keybinder
keysmith	https://github.com/KDE/keysmith
keyutils	https://git.kernel.org/pub/scm/linux/kernel/git/dhowells/keyutils.git/
kfilemetadata	https://github.com/KDE/kfilemetadata
kfilemetadata5	https://github.com/KDE/kfilemetadata
kfind	https://github.com/KDE/kfind
kfourinline	https://github.com/KDE/kfourinline
kgamma	https://github.com/KDE/kgamma
kgeography	https://github.com/KDE/kgeography
kget	https://github.com/KDE/kget
kglobalaccel	https://github.com/KDE/kglobalaccel
kglobalaccel5	https://github.com/KDE/kglobalaccel
kglobalacceld	https://github.com/KDE/kglobalacceld
kgoldrunner	https://github.com/KDE/kgoldrunner
kgpg	https://github.com/KDE/kgpg
kgraphviewer	https://github.com/KDE/kgraphviewer
kguiaddons	https://github.com/KDE/kguiaddons
kguiaddons5	https://github.com/KDE/kguiaddons
khangman	https://github.com/KDE/khangman
khealthcertificate	https://github.com/KDE/khealthcertificate
khelpcenter	https://github.com/KDE/khelpcenter
kholidays	https://github.com/KDE/kholidays
kholidays5	https://github.com/KDE/kholidays
ki18n	https://github.com/KDE/ki18n
ki18n5	https://github.com/KDE/ki18n
kiconthemes	https://github.com/KDE/kiconthemes
kiconthemes5	https://github.com/KDE/kiconthemes
kid3	https://github.com/KDE/kid3
kidentitymanagement	https://github.com/KDE/kidentitymanagement
kidletime	https://github.com/KDE/kidletime
kidletime5	https://github.com/KDE/kidletime
kig	https://github.com/KDE/kig
kigo	https://github.com/KDE/kigo
kile	https://invent.kde.org/office/kile
killbots	https://github.com/KDE/killbots
kImageAnnotator	https://github.com/ksnip/kImageAnnotator
kimageformats	https://github.com/KDE/kimageformats
kimageformats5	https://github.com/KDE/kimageformats
kimagemapeditor	https://github.com/KDE/kimagemapeditor
kimap	https://github.com/KDE/kimap
kinfocenter	https://github.com/KDE/kinfocenter
kinit5	https://github.com/KDE/kinit
kio	https://github.com/KDE/kio
kio-admin	https://github.com/KDE/kio-admin
kio-extras	https://github.com/KDE/kio-extras
kio-gdrive	https://github.com/KDE/kio-gdrive
kio-zeroconf	https://github.com/KDE/kio-zeroconf
kio5	https://github.com/KDE/kio
kirigami	https://github.com/KDE/kirigami
kirigami-addons	https://github.com/KDE/kirigami-addons
kirigami-gallery	https://github.com/KDE/kirigami-gallery
kirigami5	https://github.com/KDE/kirigami
kiriki	https://github.com/KDE/kiriki
kitemmodels	https://github.com/KDE/kitemmodels
kitemmodels5	https://github.com/KDE/kitemmodels
kitemviews	https://github.com/KDE/kitemviews
kitemviews5	https://github.com/KDE/kitemviews
kiten	https://github.com/KDE/kiten
kitinerary	https://github.com/KDE/kitinerary
kjobwidgets	https://github.com/KDE/kjobwidgets
kjobwidgets5	https://github.com/KDE/kjobwidgets
kjumpingcube	https://github.com/KDE/kjumpingcube
kldap	https://github.com/KDE/kldap
kleopatra	https://github.com/KDE/kleopatra
klettres	https://github.com/KDE/klettres
klevernotes	https://github.com/KDE/klevernotes
klickety	https://github.com/KDE/klickety
klines	https://github.com/KDE/klines
kmag	https://github.com/KDE/kmag
kmahjongg	https://github.com/KDE/kmahjongg
kmail	https://github.com/KDE/kmail
kmail-account-wizard	https://github.com/KDE/kmail-account-wizard
kmailtransport	https://github.com/KDE/kmailtransport
kmbox	https://github.com/KDE/kmbox
kmenuedit	https://github.com/KDE/kmenuedit
kmime	https://github.com/KDE/kmime
kmines	https://github.com/KDE/kmines
kmix	https://github.com/KDE/kmix
kmoretools	https://github.com/KDE/kmoretools
kmousetool	https://github.com/KDE/kmousetool
kmouth	https://github.com/KDE/kmouth
kmplot	https://github.com/KDE/kmplot
kmymoney	https://github.com/KDE/kmymoney
knavalbattle	https://github.com/KDE/knavalbattle
knetwalk	https://github.com/KDE/knetwalk
knewstuff	https://github.com/KDE/knewstuff
knewstuff5	https://github.com/KDE/knewstuff
knights	https://github.com/KDE/knights
knighttime	https://github.com/KDE/knighttime
knotifications	https://github.com/KDE/knotifications
knotifications5	https://github.com/KDE/knotifications
knotifyconfig	https://github.com/KDE/knotifyconfig
knotifyconfig5	https://github.com/KDE/knotifyconfig
koko	https://github.com/KDE/koko
kolf	https://github.com/KDE/kolf
kollision	https://github.com/KDE/kollision
kolourpaint	https://github.com/KDE/kolourpaint
kompare	https://github.com/KDE/kompare
konqueror	https://github.com/KDE/konqueror
konquest	https://github.com/KDE/konquest
konsole	https://github.com/KDE/konsole
kontact	https://github.com/KDE/kontact
kontactinterface	https://github.com/KDE/kontactinterface
kontrast	https://github.com/KDE/kontrast
konversation	https://github.com/KDE/konversation
kopeninghours	https://github.com/KDE/kopeninghours
korganizer	https://github.com/KDE/korganizer
kosmindoormap	https://github.com/KDE/kosmindoormap
kpackage	https://github.com/KDE/kpackage
kpackage5	https://github.com/KDE/kpackage
kparts	https://github.com/KDE/kparts
kparts5	https://github.com/KDE/kparts
kpat	https://github.com/KDE/kpat
kpeople	https://github.com/KDE/kpeople
kpeople5	https://github.com/KDE/kpeople
kpeoplevcard	https://github.com/KDE/kpeoplevcard
kpimtextedit	https://github.com/KDE/kpimtextedit
kpipewire	https://github.com/KDE/kpipewire
kpkpass	https://github.com/KDE/kpkpass
kplotting	https://github.com/KDE/kplotting
kplotting5	https://github.com/KDE/kplotting
kpmcore	https://github.com/KDE/kpmcore
kpty	https://github.com/KDE/kpty
kpty5	https://github.com/KDE/kpty
kpublictransport	https://github.com/KDE/kpublictransport
kqtquickcharts	https://github.com/KDE/kqtquickcharts
kquickcharts	https://github.com/KDE/kquickcharts
kquickcharts5	https://github.com/KDE/kquickcharts
kquickimageeditor	https://github.com/KDE/kquickimageeditor
krb5	http://web.mit.edu/kerberos/dist/krb5/
krdc	https://github.com/KDE/krdc
krdp	https://github.com/KDE/krdp
krename	https://github.com/KDE/krename
kreversi	https://github.com/KDE/kreversi
krfb	https://github.com/KDE/krfb
krita	https://github.com/KDE/krita
kruler	https://github.com/KDE/kruler
krunner	https://github.com/KDE/krunner
krunner5	https://github.com/KDE/krunner
krusader	https://github.com/KDE/krusader
ksanecore	https://github.com/KDE/ksanecore
kscreen	https://github.com/KDE/kscreen
kscreenlocker	https://github.com/KDE/kscreenlocker
kseexpr	https://github.com/KDE/kseexpr
kservice	https://github.com/KDE/kservice
kservice5	https://github.com/KDE/kservice
kshisen	https://github.com/KDE/kshisen
ksirk	https://github.com/KDE/ksirk
ksmtp	https://github.com/KDE/ksmtp
ksnakeduel	https://github.com/KDE/ksnakeduel
kspaceduel	https://github.com/KDE/kspaceduel
ksquares	https://github.com/KDE/ksquares
ksshaskpass	https://github.com/KDE/ksshaskpass
kstars	https://github.com/KDE/kstars
kstatusnotifieritem	https://github.com/KDE/kstatusnotifieritem
ksudoku	https://github.com/KDE/ksudoku
ksvg	https://github.com/KDE/ksvg
ksystemlog	https://github.com/KDE/ksystemlog
ksystemstats	https://github.com/KDE/ksystemstats
kteatime	https://github.com/KDE/kteatime
ktextaddons	https://github.com/KDE/ktextaddons
ktexteditor	https://github.com/KDE/ktexteditor
ktexteditor5	https://github.com/KDE/ktexteditor
ktexttemplate	https://github.com/KDE/ktexttemplate
ktextwidgets	https://github.com/KDE/ktextwidgets
ktextwidgets5	https://github.com/KDE/ktextwidgets
ktimer	https://github.com/KDE/ktimer
ktimetracker	https://github.com/KDE/ktimetracker
ktnef	https://github.com/KDE/ktnef
ktorrent	https://github.com/KDE/ktorrent
ktouch	https://github.com/KDE/ktouch
ktuberling	https://github.com/KDE/ktuberling
kturtle	https://github.com/KDE/kturtle
kubrick	https://github.com/KDE/kubrick
kunifiedpush	https://github.com/KDE/kunifiedpush
kunitconversion	https://github.com/KDE/kunitconversion
kunitconversion5	https://github.com/KDE/kunitconversion
kwallet	https://github.com/KDE/kwallet
kwallet-pam	https://github.com/KDE/kwallet-pam
kwallet5	https://github.com/KDE/kwallet
kwalletmanager	https://github.com/KDE/kwalletmanager
kwave	https://github.com/KDE/kwave
kwayland	https://github.com/KDE/kwayland
kwayland-integration	https://github.com/KDE/kwayland-integration
kwayland5	https://github.com/KDE/kwayland
kweathercore	https://github.com/KDE/kweathercore
kwidgetsaddons	https://github.com/KDE/kwidgetsaddons
kwidgetsaddons5	https://github.com/KDE/kwidgetsaddons
kwin	https://github.com/KDE/kwin
kwin-x11	https://github.com/KDE/kwin-x11
kwindowsystem	https://github.com/KDE/kwindowsystem
kwindowsystem5	https://github.com/KDE/kwindowsystem
kwordquiz	https://github.com/KDE/kwordquiz
kwrited	https://github.com/KDE/kwrited
kxmlgui	https://github.com/KDE/kxmlgui
kxmlgui5	https://github.com/KDE/kxmlgui
labplot	https://github.com/KDE/labplot
labwc	https://github.com/labwc/labwc
lager	https://github.com/arximboldi/lager
layer-shell-qt	https://github.com/KDE/layer-shell-qt
lcms2	http://github.com/mm2/Little-CMS
lensfun	https://github.com/lensfun/lensfun
leptonica	https://github.com/danbloomberg/leptonica
less	https://github.com/wofr06/lesspipe
lftp	https://github.com/lavv17/lftp
lhasa	https://github.com/fragglet/lhasa
libadwaita	https://gitlab.gnome.org/GNOME/libadwaita
libaio	http://releases.pagure.org/libaio
libarchive	https://github.com/libarchive/libarchive
libass	https://github.com/libass/libass
libblockdev	https://github.com/storaged-project/libblockdev
libbluray	https://code.videolan.org/videolan/libudfread
libburn	https://dev.lovelyhq.com/libburnia/libburn
libbytesize	https://github.com/storaged-project/libbytesize
libcaca	https://github.com/cacalabs/libcaca
libcacard	https://gitlab.freedesktop.org/spice/libcacard
libcanberra	http://0pointer.de/lennart/projects/libcanberra/
libcap	https://mirrors.edge.kernel.org/pub/linux/libs/security/linux-privs/libcap2/
libcap-ng	https://github.com/stevegrubb/libcap-ng
libcbor	https://github.com/PJK/libcbor
libcdio	https://github.com/libcdio/libcdio
libcdio-paranoia	http://ftp.gnu.org/gnu/libcdio/
libcec	https://github.com/Pulse-Eight/libcec
libcgroup	https://github.com/libcgroup/libcgroup
libcue	https://github.com/lipnitsk/libcue
libcupsfilters	https://github.com/OpenPrinting/libcupsfilters
libdaemon	http://0pointer.de/lennart/projects/libdaemon/
libdbusmenu-qt	http://archive.ubuntu.com/ubuntu/pool/main/libd/libdbusmenu-qt/
libdecor	https://gitlab.freedesktop.org/libdecor/libdecor
libdeflate	https://github.com/ebiggers/libdeflate
libdisplay-info	https://gitlab.freedesktop.org/emersion/libdisplay-info
libdmtx	https://github.com/dmtx/libdmtx
libdrm	https://dri.freedesktop.org/libdrm/
libdvdnav	https://download.videolan.org/pub/videolan/libdvdnav/
libdvdread	http://download.videolan.org/pub/videolan/libdvdread/
libei	https://gitlab.freedesktop.org/libinput/libei
libepoxy	https://github.com/anholt/libepoxy
liberation-fonts-ttf	https://github.com/liberationfonts/liberation-fonts
libev	http://dist.schmorp.de/libev/Attic
libevdev	http://www.freedesktop.org/software/libevdev/
libexif	https://github.com/libexif/libexif/
libffi	https://github.com/libffi/libffi
libfido2	https://github.com/Yubico/libfido2
libfprint	https://gitlab.freedesktop.org/libfprint/libfprint
libfyaml	https://github.com/pantoniou/libfyaml
libgee	https://download.gnome.org/sources/libgee/
libglvnd	https://github.com/NVIDIA/libglvnd
libgnt	https://sourceforge.net/projects/pidgin/files/libgnt/
libgpg-error	https://gnupg.org/ftp/gcrypt/libgpg-error
libgravatar	https://github.com/KDE/libgravatar
libgtop	https://download.gnome.org/sources/libgtop/
libgusb	https://github.com/hughsie/libgusb
libid3tag	https://codeberg.org/tenacityteam/libid3tag
libieee1284	https://github.com/twaugh/libieee1284
libime	https://download.fcitx-im.org/fcitx5/libime/
libindi	https://github.com/indilib/indi
libinput	https://gitlab.freedesktop.org/libinput/libinput
libiodbc	https://github.com/openlink/iODBC
libjpeg-turbo	https://sourceforge.net/projects/libjpeg-turbo
libkcddb	https://github.com/KDE/libkcddb
libkdcraw	https://github.com/KDE/libkdcraw
libkdegames	https://github.com/KDE/libkdegames
libkdepim	https://github.com/KDE/libkdepim
libkeduvocdocument	https://github.com/KDE/libkeduvocdocument
libkexiv2	https://github.com/KDE/libkexiv2
libkgapi	https://github.com/KDE/libkgapi
libkleo	https://github.com/KDE/libkleo
libkmahjongg	https://github.com/KDE/libkmahjongg
libkomparediff2	https://github.com/KDE/libkomparediff2
libksane	https://github.com/KDE/libksane
libksba	https://gnupg.org/ftp/gcrypt/libksba
libkscreen	https://github.com/KDE/libkscreen
libksieve	https://github.com/KDE/libksieve
libksysguard	https://github.com/KDE/libksysguard
libktorrent	https://github.com/KDE/libktorrent
libmaxminddb	https://github.com/maxmind/libmaxminddb
libmbim	https://gitlab.freedesktop.org/mobile-broadband/libmbim
libmnl	https://www.netfilter.org/projects/libmnl/files
libmypaint	https://github.com/mypaint/libmypaint
libndp	https://github.com/jpirko/libndp
libnetfilter_conntrack	https://www.netfilter.org/projects/libnetfilter_conntrack/files/
libnetfilter_cthelper	https://netfilter.org/projects/libnetfilter_cthelper/files
libnetfilter_cttimeout	https://netfilter.org/projects/libnetfilter_cttimeout/files
libnfnetlink	https://netfilter.org/projects/libnfnetlink/files
libnftnl	https://netfilter.org/projects/libnftnl/files
libnice	https://libnice.freedesktop.org/#download
libnl	https://www.infradead.org/~tgr/libnl
libnl3	https://github.com/thom311/libnl
libnova	http://sourceforge.net/projects/libnova/files/libnova/
libnsl	https://github.com/thkukuk/libnsl
libnss_nis	https://github.com/thkukuk/libnss_nis
libnvme	https://github.com/linux-nvme/libnvme
libopusenc	https://github.com/xiph/libopusenc
libpaper	https://github.com/rrthomas/libpaper
libplacebo	https://github.com/haasn/libplacebo
libplasma	https://github.com/KDE/libplasma
libplist	https://github.com/libimobiledevice/libplist
libpng	https://libpng.sourceforge.io
libportal	https://github.com/flatpak/libportal
libppd	https://github.com/OpenPrinting/libppd
libproxy	https://github.com/libproxy/libproxy
libpsl	https://github.com/rockdaboot/libpsl
libptytty	http://dist.schmorp.de/libptytty/
libpwquality	https://github.com/libpwquality/libpwquality
libqaccessibilityclient	https://github.com/KDE/libqaccessibilityclient
libqalculate	https://github.com/Qalculate/libqalculate
libqmi	https://gitlab.freedesktop.org/mobile-broadband/libqmi
libqrtr-glib	https://gitlab.freedesktop.org/mobile-broadband/libqrtr-glib
libQuotient	https://github.com/quotient-im/libQuotient
LibRaw	https://www.libraw.org/download
libsamplerate	https://github.com/libsndfile/libsamplerate
libsass	https://github.com/sass/libsass
libseccomp	https://github.com/seccomp/libseccomp
libsfdo	https://gitlab.freedesktop.org/vyivel/libsfdo
libsigc++	https://github.com/libsigcplusplus/libsigcplusplus
libsigc++3	https://github.com/libsigcplusplus/libsigcplusplus
libslirp	https://gitlab.com/qemu-project/libslirp
libsndfile	https://github.com/erikd/libsndfile/
libssh	https://www.libssh.org/files
libssh2	https://github.com/libssh2/libssh2
libtiff	https://download.osgeo.org/libtiff/
libtraceevent	https://git.kernel.org/pub/scm/libs/libtrace/libtraceevent.git/
libtracefs	https://git.kernel.org/pub/scm/libs/libtrace/libtracefs.git/
libunibreak	https://github.com/adah1972/libunibreak
liburing	https://github.com/axboe/liburing
libusb	https://github.com/libusb/libusb
libusb-compat	http://downloads.sourceforge.net/libusb
libuv	https://dist.libuv.org/dist
libva	https://github.com/intel/libva
libva-utils	https://github.com/intel/libva-utils
libvdpau	https://gitlab.freedesktop.org/vdpau/libvdpau
libvisio	http://dev-www.libreoffice.org/src/libvisio
libvisual	https://github.com/Libvisual/libvisual
libvorbis	http://downloads.xiph.org/releases/vorbis
libvpx	https://github.com/webmproject/libvpx
libwacom	https://github.com/linuxwacom/libwacom
libwebp	https://downloads.webmproject.org/releases/webp/
libwmf	https://github.com/caolanm/libwmf
libwnck3	https://ftp.gnome.org/pub/gnome/sources/libwnck/
libx86	https://gitlab.archlinux.org/grawlinson/libx86
libXaw3dXft	https://github.com/DaveFlater/libXaw3dXft
libXcm	https://github.com/oyranos-cms/libxcm
libxfce4ui	https://archive.xfce.org/src/xfce/libxfce4ui
libxfce4util	https://archive.xfce.org/src/xfce/libxfce4util
libxfce4windowing	https://archive.xfce.org/src/xfce/libxfce4windowing
libxkbcommon	https://github.com/xkbcommon/libxkbcommon
libxml2	https://download.gnome.org/sources/libxml2
libxmlb	https://github.com/hughsie/libxmlb
libxslt	https://download.gnome.org/sources/libxslt
libyaml	http://pyyaml.org/wiki/LibYAML
links	http://links.twibright.com/download
llvm	https://github.com/llvm/llvm-project
lm_sensors	https://github.com/hramrach/lm-sensors
lmdb	https://git.openldap.org/openldap/openldap
logrotate	https://github.com/logrotate/logrotate
lokalize	https://github.com/KDE/lokalize
lrzip	https://github.com/ckolivas/lrzip
lskat	https://github.com/KDE/lskat
lsof	https://github.com/lsof-org/lsof
lsscsi	http://sg.danny.cz/scsi/lsscsi.html
lua	http://www.lua.org/ftp
luajit-lgi	https://github.com/pavouk/lgi
lvm2	ftp://sourceware.org/pub/lvm2/
lxc	https://linuxcontainers.org/lxc/downloads/
lynx	https://invisible-island.net/archives/lynx/tarballs/
lz4	https://github.com/lz4/lz4
mailcommon	https://github.com/KDE/mailcommon
mailimporter	https://github.com/KDE/mailimporter
Mako	https://pypi.org/project/Mako/
man-db	https://gitlab.com/man-db/man-db
man-pages	http://www.kernel.org/pub/linux/docs/man-pages/
marble	https://github.com/KDE/marble
mariadb	https://ftp.osuosl.org/pub/mariadb/
marisa	https://github.com/s-yata/marisa-trie
markdownpart	https://github.com/KDE/markdownpart
marknote	https://github.com/KDE/marknote
massif-visualizer	https://github.com/KDE/massif-visualizer
mbox-importer	https://github.com/KDE/mbox-importer
mc	https://midnight-commander.org/
mdadm	https://git.kernel.org/pub/scm/utils/mdadm/mdadm.git/
media-player-info	https://gitlab.freedesktop.org/media-player-info/media-player-info
mercurial	https://www.mercurial-scm.org/release
merkuro	https://github.com/KDE/merkuro
mesa	ftp://ftp.freedesktop.org/pub/mesa/
meson	https://github.com/mesonbuild/meson
meson-python	https://github.com/mesonbuild/meson-python
messagelib	https://github.com/KDE/messagelib
milou	https://github.com/KDE/milou
mimetreeparser	https://github.com/KDE/mimetreeparser
minicom	https://salsa.debian.org/minicom-team/minicom
minuet	https://github.com/KDE/minuet
mlt	https://github.com/mltframework/mlt
ModemManager	https://gitlab.freedesktop.org/mobile-broadband/ModemManager
modemmanager-qt	https://github.com/KDE/modemmanager-qt
mold	https://github.com/rui314/mold
moreutils	https://joeyh.name/code/moreutils/
mosh	https://mosh.org
most	https://www.jedsoft.org/releases/most/
motif	https://github.com/thentenaar/motif
mousepad	https://archive.xfce.org/src/apps/mousepad
movit	https://movit.sesse.net
mpfr	https://www.mpfr.org/mpfr-current/
mpg123	https://mpg123.org/download
mpv	https://github.com/mpv-player/mpv
mpvqt	https://github.com/KDE/mpvqt
mtdev	http://bitmath.org/code/mtdev/
mtr	https://github.com/traviscross/mtr
mujs	https://mujs.com/downloads
mutt	ftp://ftp.mutt.org/pub/mutt/
mypaint-brushes	https://github.com/mypaint/mypaint-brushes
ncompress	https://github.com/vapier/ncompress
ncurses	https://invisible-mirror.net/archives/ncurses/current
ndctl	https://github.com/pmem/ndctl
neochat	https://github.com/KDE/neochat
neon	https://notroj.github.io/neon/
net-snmp	https://sourceforge.net/projects/net-snmp/
netatalk	https://netatalk.sourceforge.io
nethack	https://www.nethack.org/download
NetworkManager	https://gitlab.freedesktop.org/NetworkManager/NetworkManager
NetworkManager-openvpn	https://github.com/NetworkManager/NetworkManager-openvpn/
networkmanager-qt	https://github.com/KDE/networkmanager-qt
newt	https://releases.pagure.org/newt
nfs-utils	https://www.kernel.org/pub/linux/utils/nfs-utils
nftables	https://netfilter.org/projects/nftables/files
nghttp2	https://github.com/nghttp2/nghttp2
nghttp3	https://github.com/ngtcp2/nghttp3
ngtcp2	https://github.com/ngtcp2/ngtcp2
ninja	https://github.com/ninja-build/ninja
nlohmann-json	https://github.com/nlohmann/json
nmap	https://nmap.org/download.html
nodejs	https://nodejs.org/dist
noto-cjk-fonts-ttf	https://github.com/googlefonts/noto-cjk
noto-emoji	https://github.com/googlei18n/noto-emoji
noto-fonts-ttf	https://github.com/notofonts/notofonts.github.io
npth	https://gnupg.org/ftp/gcrypt/npth
nss-mdns	https://github.com/avahi/nss-mdns
nss-pam-ldapd	https://arthurdejong.org/nss-pam-ldapd
ntp	https://www.ntp.org/downloads/
nvme-cli	https://github.com/linux-nvme/nvme-cli
ocean-sound-theme	https://github.com/KDE/ocean-sound-theme
ocl-icd	https://github.com/OCL-dev/ocl-icd
okteta	https://github.com/KDE/okteta
okular	https://github.com/KDE/okular
olm	https://gitlab.matrix.org/matrix-org/olm
oniguruma	https://github.com/kkos/oniguruma
openal-soft	https://openal-soft.org/openal-releases
openblas	https://github.com/xianyi/OpenBLAS
OpenCC	https://github.com/BYVoid/OpenCC
opencl-headers	https://github.com/KhronosGroup/OpenCL-Headers
opencv	https://github.com/opencv/opencv
openexr	https://github.com/AcademySoftwareFoundation/openexr
openjpeg	https://github.com/uclouvain/openjpeg
openjph	https://github.com/aous72/OpenJPH
openldap	ftp://ftp.OpenLDAP.org/pub/OpenLDAP/openldap-release
openresolv	https://github.com/NetworkConfiguration/openresolv
openrsync	https://github.com/kristapsdz/openrsync
opensc	https://github.com/OpenSC/OpenSC
openssh	https://ftp.openbsd.org/pub/OpenBSD/OpenSSH/portable/
openssl	https://github.com/openssl/openssl
opentimelineio	https://github.com/AcademySoftwareFoundation/OpenTimelineIO
openvpn	https://github.com/OpenVPN/openvpn
opus	https://downloads.xiph.org/releases/opus
oxygen	https://github.com/KDE/oxygen
oxygen-fonts	https://github.com/KDE/oxygen-fonts
oxygen-icons	https://github.com/KDE/oxygen-icons
oxygen-sounds	https://github.com/KDE/oxygen-sounds
p11-kit	https://github.com/p11-glue/p11-kit
p2c	https://alum.mit.edu/www/toms/p2c/
p8-platform	https://github.com/Pulse-Eight/platform
pahole	https://git.kernel.org/pub/scm/devel/pahole/pahole.git
palapeli	https://github.com/KDE/palapeli
pam	https://github.com/linux-pam/linux-pam
pam-krb5	https://archives.eyrie.org/software/kerberos
pan	https://gitlab.gnome.org/GNOME/pan/
pango	https://github.com/GNOME/pango
parley	https://github.com/KDE/parley
partitionmanager	https://github.com/KDE/partitionmanager
pcaudiolib	https://github.com/espeak-ng/pcaudiolib
pciutils	ftp://atrey.karlin.mff.cuni.cz/pub/linux/pci/
pcre	https://sourceforge.net/projects/pcre/files/pcre/
pcre2	https://github.com/PCRE2Project/pcre2
pcsc-lite	https://pcsclite.apdu.fr/files/
phonon	https://download.kde.org/stable/phonon/
phonon-backend-gstreamer	http://download.kde.org/stable/phonon/phonon-backend-gstreamer/
phonon-backend-mpv	https://github.com/OpenProgger/phonon-mpv
picmi	https://github.com/KDE/picmi
pim-data-exporter	https://github.com/KDE/pim-data-exporter
pim-sieve-editor	https://github.com/KDE/pim-sieve-editor
pimcommon	https://github.com/KDE/pimcommon
pipewire	https://gitlab.freedesktop.org/pipewire/pipewire
pkgconf	https://distfiles.ariadne.space/pkgconf
plasma-activities	https://github.com/KDE/plasma-activities
plasma-activities-stats	https://github.com/KDE/plasma-activities-stats
plasma-bigscreen	https://github.com/KDE/plasma-bigscreen
plasma-browser-integration	https://github.com/KDE/plasma-browser-integration
plasma-desktop	https://github.com/KDE/plasma-desktop
plasma-disks	https://github.com/KDE/plasma-disks
plasma-firewall	https://github.com/KDE/plasma-firewall
plasma-framework5	https://github.com/KDE/plasma-framework
plasma-integration	https://github.com/KDE/plasma-integration
plasma-nano	https://github.com/KDE/plasma-nano
plasma-nm	https://github.com/KDE/plasma-nm
plasma-pa	https://github.com/KDE/plasma-pa
plasma-sdk	https://github.com/KDE/plasma-sdk
plasma-systemmonitor	https://github.com/KDE/plasma-systemmonitor
plasma-vault	https://github.com/KDE/plasma-vault
plasma-wayland-protocols	https://github.com/KDE/plasma-wayland-protocols
plasma-workspace	https://github.com/KDE/plasma-workspace
plasma-workspace-wallpapers	https://github.com/KDE/plasma-workspace-wallpapers
plasma5support	https://github.com/KDE/plasma5support
poke	ftp://ftp.gnu.org/pub/gnu/poke
polkit-kde-agent	https://github.com/KDE/polkit-kde-agent-1
popt	ftp://ftp.rpm.org/pub/rpm/popt/releases
postfix	ftp://ftp.porcupine.org/mirrors/postfix-release/official/
potrace	https://potrace.sourceforge.net/
powerdevil	https://github.com/KDE/powerdevil
poxml	https://github.com/KDE/poxml
ppp	https://github.com/paulusmack/ppp
print-manager	https://github.com/KDE/print-manager
prison	https://github.com/KDE/prison
prison5	https://github.com/KDE/prison
procmail	https://github.com/BuGlessRB/procmail
procps-ng	https://gitlab.com/psmisc/psmisc
protobuf	https://github.com/google/protobuf
pssh	https://github.com/lilydjwg/pssh
pulseaudio	http://freedesktop.org/software/pulseaudio/releases/
pulseaudio-qt	https://github.com/KDE/pulseaudio-qt
purpose	https://github.com/KDE/purpose
purpose5	https://github.com/KDE/purpose
pycairo	https://github.com/pygobject/pycairo
pycups	http://pypi.python.org/pypi/pycups
pycurl	https://pypi.python.org/pypi/pycurl
pygobject3	http://ftp.gnome.org/pub/GNOME/sources/pygobject/
pyparsing	http://pypi.python.org/pypi/pyparsing/
PyQt-builder	https://pypi.org/project/PyQt-builder/
PyQt5	https://pypi.org/project/PyQt5
PyQt5_sip	https://pypi.org/project/pyqt5-sip/
PyQt6	https://pypi.org/project/PyQt6
PyQt6_sip	https://pypi.org/project/pyqt6-sip/
python-accessible-pygments	https://pypi.python.org/pypi/accessible-pygments
python-alabaster	https://pypi.org/project/alabaster
python-attrs	https://pypi.org/project/attrs
python-babel	https://pypi.org/project/babel
python-build	https://pypi.org/project/build
python-calver	https://pypi.org/project/calver
python-certifi	https://pypi.python.org/pypi/certifi
python-cffi	https://pypi.python.org/pypi/cffi
python-chardet	https://github.com/chardet/chardet
python-charset-normalizer	https://pypi.org/project/charset_normalizer
python-distro	https://github.com/nir0s/distro
python-dnspython	https://pypi.org/project/dnspython
python-docutils	https://pypi.org/project/docutils
python-doxypypy	https://pypi.org/project/doxypypy
python-doxyqml	https://pypi.org/project/doxyqml
python-editables	https://pypi.org/project/editables
python-flit-core	https://pypi.org/project/flit_core
python-future	https://pypi.org/project/future/
python-glad2	https://pypi.org/project/glad2
python-hatch-fancy-pypi-readme	https://pypi.python.org/pypi/hatch-fancy-pypi-readme
python-hatch-vcs	https://github.com/ofek/hatch-vcs
python-hatchling	https://pypi.org/project/hatchling
python-html5lib	https://github.com/html5lib/html5lib-python
python-idna	https://github.com/kjd/idna
python-imagesize	https://pypi.org/project/imagesize
python-importlib_metadata	https://pypi.org/project/importlib-metadata
python-installer	https://pypi.org/project/installer
python-Jinja2	https://pypi.org/project/Jinja2
python-lxml	https://pypi.org/project/lxml
python-markdown	https://pypi.org/project/markdown
python-MarkupSafe	https://pypi.org/project/Markupsafe
python-notify2	https://pypi.python.org/pypi/notify2
python-numpy	https://pypi.org/project/numpy/
python-packaging	https://pypi.org/project/packaging/
python-pathspec	https://pypi.org/project/pathspec
python-pbr	https://pypi.org/project/pbr
python-pillow	https://github.com/python-pillow/Pillow
python-pip	https://pypi.python.org/pypi/pip
python-pluggy	https://pypi.org/project/pluggy
python-ply	https://pypi.python.org/pypi/ply
python-psutil	https://pypi.org/project/psutil
python-pybind11	https://pypi.python.org/pypi/pybind11
python-pycparser	https://pypi.python.org/pypi/pycparser
python-pygments	https://pypi.org/project/pygments
python-pyproject-hooks	https://pypi.org/project/pyproject_hooks
python-pyproject_metadata	https://pypi.org/project/pyproject-metadata/
python-pysol_cards	https://pypi.org/project/pysol_cards
python-PyYAML	https://pypi.org/project/pyyaml
python-random2	https://pypi.python.org/pypi/random2
python-requests	https://github.com/requests/requests
python-roman-numerals	https://pypi.org/project/roman-numerals
python-scikit-build-core	https://pypi.python.org/pypi/scikit_build_core
python-setuptools	https://pypi.python.org/pypi/setuptools
python-setuptools-gettext	https://pypi.org/project/setuptools-gettext/
python-setuptools_scm	https://pypi.org/project/setuptools_scm
python-six	http://pypi.python.org/pypi/six/
python-smartypants	https://github.com/leohemsted/smartypants.py
python-snowballstemmer	https://pypi.org/project/snowballstemmer
python-sphinx	https://pypi.org/project/sphinx
python-sphinx_rtd_theme	https://pypi.python.org/pypi/sphinx_rtd_theme
python-tomli-w	https://pypi.org/project/tomli-w
python-trove-classifiers	https://pypi.org/project/trove-classifiers
python-typogrify	https://pypi.org/project/typogrify
python-urllib3	https://pypi.org/project/urllib3
python-vcs_versioning	https://pypi.org/project/vcs_versioning
python-versioneer	https://pypi.org/project/versioneer
python-webencodings	https://pypi.org/project/webencodings
python-wheel	https://pypi.org/project/wheel
python-zipp	https://pypi.org/project/zipp
python2	http://www.python.org/ftp/python/
python3	http://www.python.org/ftp/python/
pyxdg	https://pypi.org/project/pyxdg
qalculate-gtk	https://github.com/Qalculate/qalculate-gtk
qalculate-qt	https://github.com/Qalculate/qalculate-qt
qca	https://download.kde.org/stable/qca/
qcoro	https://github.com/danvratil/qcoro
qgpgme	https://www.gnupg.org/ftp/gcrypt/qgpgme
qml-box2d	https://github.com/qml-box2d/qml-box2d
qpdf	https://sourceforge.net/projects/qpdf/files/qpdf/
qqc2-breeze-style	https://github.com/KDE/qqc2-breeze-style
qqc2-desktop-style	https://github.com/KDE/qqc2-desktop-style
qqc2-desktop-style5	https://github.com/KDE/qqc2-desktop-style
qrca	https://github.com/KDE/qrca
qrencode	http://fukuchi.org/works/qrencode
qtkeychain	https://github.com/frankosterfeld/qtkeychain
quazip	https://github.com/stachenov/quazip
range-v3	https://github.com/ericniebler/range-v3
rdfind	https://github.com/pauldreik/rdfind
re2c	https://github.com/skvadrik/re2c
readstat	https://github.com/WizardMac/ReadStat/
rinutils	https://github.com/shlomif/rinutils
rocs	https://github.com/KDE/rocs
rpcsvc-proto	https://github.com/thkukuk/rpcsvc-proto
rpm	http://ftp.rpm.org/releases
rpm2tgz	https://gitweb.gentoo.org/proj/rpm2targz.git/plain/rpmoffset.c?id=9abf939441a6d38c512f8723d1c4e62a1f2af611
rttr	https://www.rttr.org/download
rubygem-asciidoctor	https://rubygems.org/gems/asciidoctor
rust	https://github.com/rust-lang/rust
rxvt-unicode	http://dist.schmorp.de/rxvt-unicode/
s-nail	http://ftp.sdaoden.eu/
samba	https://download.samba.org/pub/samba/stable
sane	http://www.sane-project.org/source.html
sassc	https://github.com/sass/sassc
sc-im	https://github.com/andmarti1424/sc-im
scdoc	https://git.sr.ht/~sircmpwn/scdoc
scons	http://sourceforge.net/projects/scons/files
sddm	https://github.com/sddm/sddm
sddm-kcm	https://github.com/KDE/sddm-kcm
SDL2	https://github.com/libsdl-org/SDL
SDL2_image	https://github.com/libsdl-org/SDL_image
SDL2_mixer	https://github.com/libsdl-org/SDL_mixer
SDL2_net	https://github.com/libsdl-org/SDL_net
SDL2_ttf	https://github.com/libsdl-org/SDL_ttf
SDL3	https://github.com/libsdl-org/SDL
SDL3_ttf	https://github.com/libsdl-org/SDL_ttf
sdparm	http://sg.danny.cz/sg/sdparm.html
seamonkey	https://archive.seamonkey-project.org/
seatd	https://git.sr.ht/~kennylevinsen/seatd
sg3_utils	http://sg.danny.cz/sg/p/
shadow	https://github.com/shadow-maint/shadow
shared-mime-info	https://gitlab.freedesktop.org/xdg/shared-mime-info
simdutf	https://github.com/simdutf/simdutf
sip	https://pypi.org/project/SIP/
skanlite	https://github.com/KDE/skanlite
skanpage	https://github.com/KDE/skanpage
skladnik	https://github.com/KDE/skladnik
slang	https://www.jedsoft.org/releases/slang/
slrn	http://jedsoft.org/releases/slrn
smartmontools	https://sourceforge.net/projects/smartmontools/files/smartmontools
snownews	https://sourceforge.net/projects/snownews
socat	http://www.dest-unreach.org/socat/download/
sof-firmware	https://github.com/thesofproject/sof-bin
solid	https://github.com/KDE/solid
solid5	https://github.com/KDE/solid
sonnet	https://github.com/KDE/sonnet
sonnet5	https://github.com/KDE/sonnet
sound-theme-freedesktop	http://freedesktop.org/wiki/Specifications/sound-theme-spec
sox	https://codeberg.org/sox_ng/sox_ng
spdlog	https://github.com/gabime/spdlog
spectacle	https://github.com/KDE/spectacle
speech-dispatcher	https://github.com/brailcom/speechd
speex	https://github.com/xiph/speex
speexdsp	https://github.com/xiph/speexdsp
spice	https://www.spice-space.org/download/releases/spice-server
spice-protocol	https://www.spice-space.org/download/releases
spirv-llvm-translator	https://github.com/KhronosGroup/SPIRV-LLVM-Translator
sqlite	https://www.sqlite.org/download.html
sshfs	https://github.com/libfuse/sshfs
ssr	https://github.com/MaartenBaert/ssr
stb	https://github.com/nothings/stb
stellarsolver	https://github.com/rlancaste/stellarsolver
step	https://github.com/KDE/step
strace	https://github.com/strace/strace
stunnel	https://www.stunnel.org/downloads.html
subtitlecomposer	https://github.com/KDE/subtitlecomposer
sudo	https://www.sudo.ws/dist
suitesparse	https://github.com/DrTimothyAldenDavis/SuiteSparse
svgpart	https://github.com/KDE/svgpart
sweeper	https://github.com/KDE/sweeper
swig	https://sourceforge.net/projects/swig/files/swig/
syndication	https://github.com/KDE/syndication
syndication5	https://github.com/KDE/syndication
syntax-highlighting	https://github.com/KDE/syntax-highlighting
syntax-highlighting5	https://github.com/KDE/syntax-highlighting
sysfsutils	https://github.com/linux-ras/sysfsutils
sysklogd	https://github.com/troglobit/sysklogd
sysstat	https://github.com/sysstat/sysstat
systemsettings	https://github.com/KDE/systemsettings
sysvinit	https://codeberg.org/thejessesmith/sysvinit
taglib	https://taglib.org
tcl	https://www.tcl.tk/software/tcltk/download.html
tclx	https://github.com/flightaware/tclx
tcsh	ftp://ftp.astron.com/pub/tcsh/
tesseract	https://github.com/tesseract-ocr/tesseract
texlive	https://ftp.math.utah.edu/pub/tex/historic/systems/texlive
threadweaver	https://github.com/KDE/threadweaver
threadweaver5	https://github.com/KDE/threadweaver
thunar	https://archive.xfce.org/src/xfce/thunar
thunar-volman	https://archive.xfce.org/src/xfce/thunar-volman
tidy-html5	https://github.com/htacg/tidy-html5
timedated	https://forge.slackware.nl/rizitis/timedated
tin	ftp://ftp.tin.org:/pub/news/clients/tin
tk	https://www.tcl.tk/software/tcltk/download.html
tmux	https://github.com/tmux/tmux
tokodon	https://github.com/KDE/tokodon
traceroute	https://sourceforge.net/projects/traceroute/files/
tree	https://gitlab.com/OldManProgrammer/unix-tree
tree-sitter	https://github.com/tree-sitter/tree-sitter
ttf-tlwg	ftp://linux.thai.net/pub/thailinux/software/fonts-tlwg/fonts/
tumbler	http://archive.xfce.org/src/xfce/tumbler
udisks2	https://github.com/storaged-project/udisks
umbrello	https://github.com/KDE/umbrello
undervolt	https://github.com/georgewhewell/undervolt
union	https://github.com/KDE/union
universal-ctags	https://github.com/universal-ctags/ctags
upower	https://gitlab.freedesktop.org/upower/upower
usb_modeswitch	http://www.draisberghof.de/usb_modeswitch/
usbredir	https://www.spice-space.org/download/usbredir
usbutils	https://git.kernel.org/pub/scm/linux/kernel/git/gregkh/usbutils.git/
userspace-rcu	https://liburcu.org
utempter	https://github.com/altlinux/libutempter
utf8proc	https://github.com/JuliaStrings/utf8proc
v4l-utils	https://linuxtv.org/downloads/v4l-utils/
valgrind	http://sourceware.org/pub/valgrind
vde2	https://github.com/virtualsquare/vde-2
vid.stab	https://github.com/georgmartius/vid.stab
vim	https://github.com/vim/vim
virglrenderer	https://gitlab.freedesktop.org/virgl/virglrenderer
volume_key	https://pagure.io/volume_key/releases
vorbis-tools	https://xiph.org/downloads/
vte	https://gitlab.gnome.org/GNOME/vte
wacomtablet	https://github.com/KDE/wacomtablet
wavpack	https://github.com/dbry/WavPack
wayland	https://wayland.freedesktop.org/releases.html
wayland-protocols	https://wayland.freedesktop.org/releases.html
wayland-utils	https://gitlab.freedesktop.org/wayland/wayland-utils
wcslib	ftp://ftp.atnf.csiro.au/pub/software/wcslib
whois	https://github.com/rfc1036/whois
windowmaker	https://github.com/window-maker/wmaker
wireguard-tools	https://git.zx2c4.com/wireguard-tools
wireless-regdb	https://kernel.org/pub/software/network/wireless-regdb/
wireless_tools	https://hewlettpackard.github.io/wireless-tools/Tools.html
wireplumber	https://gitlab.freedesktop.org/pipewire/wireplumber
wlroots	https://gitlab.freedesktop.org/wlroots/wlroots
wpa_supplicant	https://w1.fi/wpa_supplicant/
wsdd2	https://github.com/Netgear/wsdd2
x3270	https://github.com/pmattes/x3270
xcb-imdkit	https://download.fcitx-im.org/fcitx5/xcb-imdkit/
xcm	https://github.com/oyranos-cms/xcm
xdg-desktop-portal	https://github.com/flatpak/xdg-desktop-portal
xdg-desktop-portal-gtk	https://github.com/flatpak/xdg-desktop-portal-gtk
xdg-desktop-portal-kde	https://github.com/KDE/xdg-desktop-portal-kde
xdg-utils	https://gitlab.freedesktop.org/xdg/xdg-utils
xf86-input-wacom	https://github.com/linuxwacom/xf86-input-wacom
xfce4-appfinder	http://archive.xfce.org/src/xfce/xfce4-appfinder
xfce4-clipman-plugin	http://archive.xfce.org/src/panel-plugins/xfce4-clipman-plugin
xfce4-dev-tools	http://archive.xfce.org/src/xfce/xfce4-dev-tools
xfce4-notifyd	http://archive.xfce.org/src/apps/xfce4-notifyd
xfce4-panel	https://archive.xfce.org/src/xfce/xfce4-panel
xfce4-panel-profiles	https://github.com/xfce-mirror/xfce4-panel-profiles
xfce4-power-manager	https://archive.xfce.org/src/xfce/xfce4-power-manager
xfce4-pulseaudio-plugin	http://archive.xfce.org/src/panel-plugins/xfce4-pulseaudio-plugin
xfce4-screensaver	http://archive.xfce.org/src/apps/xfce4-screensaver
xfce4-screenshooter	http://archive.xfce.org/src/apps/xfce4-screenshooter
xfce4-session	http://archive.xfce.org/src/xfce/xfce4-session
xfce4-settings	http://archive.xfce.org/src/xfce/xfce4-settings
xfce4-systemload-plugin	http://archive.xfce.org/src/panel-plugins/xfce4-systemload-plugin/
xfce4-taskmanager	http://archive.xfce.org/src/apps/xfce4-taskmanager
xfce4-terminal	http://archive.xfce.org/src/apps/xfce4-terminal
xfce4-weather-plugin	https://archive.xfce.org/src/panel-plugins/xfce4-weather-plugin/
xfce4-whiskermenu-plugin	https://archive.xfce.org/src/panel-plugins/xfce4-whiskermenu-plugin
xfce4-xkb-plugin	https://archive.xfce.org/src/panel-plugins/xfce4-xkb-plugin
xfconf	http://archive.xfce.org/src/xfce/xfconf
xfdesktop	https://archive.xfce.org/src/xfce/xfdesktop
xfsdump	https://kernel.org/pub/linux/utils/fs/xfs
xfsprogs	https://www.kernel.org/pub/linux/utils/fs/xfs
xfwm4	http://archive.xfce.org/src/xfce/xfwm4
xine-ui	https://sourceforge.net/projects/xine/files/xine-ui/
xkeyboard-config	https://gitlab.freedesktop.org/xkeyboard-config/xkeyboard-config
xmltoman	https://github.com/atsb/xmltoman
xpaint	https://sourceforge.net/projects/sf-xpaint
xpdf	https://www.xpdfreader.com
xsimd	https://github.com/xtensor-stack/xsimd
xsnow	https://www.ratrabbit.nl/ratrabbit/xsnow/downloads/index.html
xterm	https://invisible-island.net/archives/xterm
xxHash	https://github.com/Cyan4973/xxHash
xz	https://github.com/tukaani-project/xz
yakuake	https://github.com/KDE/yakuake
zanshin	https://github.com/KDE/zanshin
zint	https://sourceforge.net/projects/zint/files/
zlib	https://www.zlib.net/
zsh	ftp://ftp.zsh.org/zsh/
zstd	https://github.com/facebook/zstd
zug	https://github.com/arximboldi/zug
zxing-cpp	https://github.com/zxing-cpp/zxing-cpp
